damage_blinded_gunners.jpg;BLINDEDGUNNERS
damage_capacitor_failure.jpg;CAPACITORFAILURE
damage_comm_noise.jpg;COMMNOISE
damage_comm_noise.jpg;COMMSNOISE
damage_compartment_fire.jpg;COMPARTMENTFIRE
damage_coolant_discharge.jpg;COOLANTDISCHARGE
damage_crew_panic.jpg;CREWPANIC
damage_damaged_controls.jpg;DAMAGEDCONTROLS
damage_damaged_munitions.jpg;DAMAGEDMUNITIONS
damage_depowered_armament.jpg;DEPOWEREDARMAMENT
damage_disengaged_fc.jpg;DISENGAGEDFIRECONTROL
damage_faulty_countermeasures.jpg;FAULTYCOUNTERMEASURES
damage_injured_crew.jpg;INJUREDCREW
damage_life_support_failure.jpg;LIFESUPPORTFAILURE
damage_point_defense_failure.jpg;POINTDEFENSEFAILURE
damage_power_failure.jpg;POWERFAILURE
damage_projector_misaligned.jpg;PROJECTORMISALIGNED
damage_ruptured_engine.jpg;RUPTUREDENGINE
damage_shield_failure.jpg;SHIELDFAILURE
damage_structural_damage.jpg;STRUCTURALDAMAGE
damage_targeter_disruption.jpg;TARGETERDISRUPTION
damage_thrust_control_mal.jpg;THRUSTCONTROLMALFUNCTION
damage_thruster_fissure.jpg;THRUSTERFISSURE
obj_ass_advanced-gunnery.png;ADVANCEDGUNNERY
obj_ass_advanced-gunnery.png;AG
obj_ass_blockade-run.png;BLOCKADERUN
obj_ass_blockade-run.png;BR
obj_ass_close-range-intel-scan.png;CLOSERANGEINTELSCAN
obj_ass_close-range-intel-scan.png;CRIS
obj_ass_ion-storm.png;IONSTORM
obj_ass_marked-for-destruction.png;MARKEDFORDESTRUCTION
obj_ass_marked-for-destruction.png;MFD
obj_ass_most-wanted.png;MOSTWANTED
obj_ass_most-wanted.png;MW
obj_ass_opening-salvo.png;OPENINGSALVO
obj_ass_opening-salvo.png;OS
obj_ass_precision-strike.png;PRECISIONSTRIKE
obj_ass_precision-strike.png;PS
obj_ass_rift-assault.png;RIFTASSAULT
obj_ass_station-assault.png;SA
obj_ass_station-assault.png;STATIONASSAULT
obj_ass_surprise-attack.png;SURPRISEATTACK
obj_ass_targeting-beacons.png;TARGETINGBEACONS
obj_ass_targeting-beacons.png;TB
obj_cc_asteroids.png;ASTEROIDS
obj_cc_base-defense-armed-station.png;ARMEDSTATION
obj_cc_base-defense-armed-station.png;BASEDEFENSEARMEDSTATION
obj_cc_base-defense-fighter-wing.png;BASEDEFENSEFIGHTERWING
obj_cc_base-defense-fighter-wing.png;FIGHTERWING
obj_cc_base-defense-ion-cannon.png;BASEDEFENSEIONCANNON
obj_cc_base-defense-ion-cannon.png;IONCANNON
obj_cc_hyperlane-raid.png;HYPERLANERAID
obj_cc_independent-station.png;INDEPENDENTSTATION
obj_cc_nebula-outskirts.png;NEBULAOUTSKIRTS
obj_cc_show-of-force.png;SHOWOFFORCE
obj_def_abandoned-mining-facility.png;ABANDONEDMININGFACILITY
obj_def_asteroid-tactics.png;ASTEROIDTACTICS
obj_def_capture-the-vip.png;CAPTURETHEVIP
obj_def_capture-the-vip.png;CTV
obj_def_contested-outpost.png;CO
obj_def_contested-outpost.png;CONTESTEDOUTPOST
obj_def_fighter-ambush.png;FA
obj_def_fighter-ambush.png;FIGHTERAMBUSH
obj_def_fire-lanes.png;FIRELANES
obj_def_fire-lanes.png;FL
obj_def_fleet-ambush.png;FLEETAMBUSH
obj_def_fleet-in-being.png;FLEETINBEING
obj_def_hyperspace-assault.png;HA
obj_def_hyperspace-assault.png;HSA
obj_def_hyperspace-assault.png;HYPERSPACEASSAULT
obj_def_jamming-barrier.png;JAMMINGBARRIER
obj_def_jamming-barrier.png;JB
obj_def_planetary-ion-cannon.png;PIC
obj_def_planetary-ion-cannon.png;PLANETARYIONCANNON
obj_def_rift-ambush.png;RIFTAMBUSH
obj_nav_dangerous-territory.png;DANGEROUSTERRITORY
obj_nav_dangerous-territory.png;DT
obj_nav_doomed-station.png;DOOMEDSTATION
obj_nav_doomed-station.png;DS
obj_nav_hyperspace-migration.png;HM
obj_nav_hyperspace-migration.png;HYPERSPACEMIGRATION
obj_nav_infested-fields.png;INFESTEDFIELDS
obj_nav_intel-sweep.png;INTELSWEEP
obj_nav_intel-sweep.png;IS
obj_nav_minefields.png;MF
obj_nav_minefields.png;MINEFIELDS
obj_nav_navigational-hazards.png;NAVHAZARDS
obj_nav_navigational-hazards.png;NAVIGATIONALHAZARDS
obj_nav_navigational-hazards.png;NH
obj_nav_salvage-run.png;SALVAGERUN
obj_nav_salvage-run.png;SR
obj_nav_sensor-net.png;SENSORNET
obj_nav_sensor-net.png;SN
obj_nav_solar-corona.png;SC
obj_nav_solar-corona.png;SOLARCORONA
obj_nav_superior-positions.png;SP
obj_nav_superior-positions.png;SUPERIORPOSITIONS
obj_nav_volatile-deposits.png;VOLATILEDEPOSITS
obj_rr_double-agent.png;DOUBLEAGENT
obj_rr_hired-scum.png;HIREDSCUM
obj_rr_hired-scum.png;HIREDSCUM
obj_rr_hired-scum.png;HS
obj_rr_pilot-defection.png;PILOTDEFECTION
obj_rr_prototype-recovery.png;PROTOTYPERECOVERY
obj_rr_recruit-allies.png;RECRUITALLIES
obj_rr_steal-suplies.png;STEALSUPPLIES
obj_rr_volatile-cargo.png;VOLATILECARGO
rr_cpt_captain-rex.png;CAPTAINREX
rr_cpt_captain-rex.png;REX
rr_cpt_commander-vanto.png;COMMANDERVANTO
rr_cpt_commander-vanto.png;VANTO
rr_cpt_commander-woldar.png;COMMANDERWOLDAR
rr_cpt_commander-woldar.png;WOLDAR
rr_cpt_expert-shield-tech.png;EST
rr_cpt_expert-shield-tech.png;EXPERTSHIELDTECH
rr_cpt_ezra-bridger.png;EZRA
rr_cpt_ezra-bridger.png;EZRABRIDGER
rr_cpt_iden_versio.png;IDEN
rr_cpt_iden_versio.png;IDENVERSIO
rr_cpt_iden_versio.png;IV
rr_cpt_sabine_wren.png;SABINE
rr_cpt_sabine_wren.png;SABINEWREN
rr_cpt_sabine_wren.png;SW
rr_flc_take-evasive-action.png;TAKEEVASIVEACTION
rr_flc_take-evasive-action.png;TEA
rr_off_advanced-transponder-net.png;ADVANCEDTRANSPONDERNET
rr_off_advanced-transponder-net.png;ATN
rr_off_proximity-mines.png;PM
rr_off_proximity-mines.png;PROXIMITYMINES
rr_off_proximity-mines.png;PROXMINES
rr_off_reserve-hangar-deck.png;RESERVEHANGARDECK
rr_off_reserve-hangar-deck.png;RESERVEHANGARDECKS
rr_off_reserve-hangar-deck.png;RHD
rr_sup_auxiliary-shields-team.png;AST
rr_sup_auxiliary-shields-team.png;AUXILIARYSHIELDSTEAM
rr_sup_auxiliary-shields-team.png;AUXILIARYSHIELDSTEAMS
rr_sup_auxiliary-shields-team.png;AUXILIARYSHIELDTEAM
rr_sup_auxiliary-shields-team.png;AUXILIARYSHIELDTEAMS
rr_trl_linked-turbolaser-towers.png;LINKEDTURBOLASERTOWER
rr_trl_linked-turbolaser-towers.png;LINKEDTURBOLASERTOWERS
rr_trl_linked-turbolaser-towers.png;LTT
rr_ttl_corvus.png;CORVUS
rr_ttl_liberator.png;LIBERATOR
rr_ttl_vanguard.png;VANGUARD
rr_wpn_weapons-battery-techs.png;WBT
rr_wpn_weapons-battery-techs.png;WEAPONBATTERYTECHS
rr_wpn_weapons-battery-techs.png;WEAPONSBATTERYTECH
rr_wpn_weapons-battery-techs.png;WEAPONSBATTERYTECHS
shipcard_AF2mk-II-A.png;AF2A
shipcard_AF2mk-II-A.png;AFIIA
shipcard_AF2mk-II-A.png;ASSAULTFRIGATEMKIIA
shipcard_AF2mk-II-B.png;AF2B
shipcard_AF2mk-II-B.png;AFIIB
shipcard_AF2mk-II-B.png;ASSAULTFRIGATEMKIIB
shipcard_arquitens-class-command-cruiser.png;ARQUITENSCLASSCOMMANDCRUISER
shipcard_arquitens-class-command-cruiser.png;ARQUITENSCOMMAND
shipcard_arquitens-class-command-cruiser.png;COMMANDARQUITENS
shipcard_arquitens-class-light-cruiser.png;ARQUITENSCLASSLIGHTCRUISER
shipcard_arquitens-class-light-cruiser.png;ARQUITENSCRUISER
shipcard_arquitens-class-light-cruiser.png;ARQUITENSLIGHTCRUISER
shipcard_arquitens-class-light-cruiser.png;CRUISERARQUITENS
shipcard_CR90A.png;CR90A
shipcard_CR90A.png;CR90CORVETTEA
shipcard_CR90B.png;CR90B
shipcard_CR90B.png;CR90CORVETTEB
shipcard_gozanti-assault.png;ASSAULTGOZANTI
shipcard_gozanti-assault.png;ASSAULTGOZANTIS
shipcard_gozanti-assault.png;GOZANTICLASSASSAULTCARRIER
shipcard_gozanti-assault.png;GOZANTICLASSASSAULTCARRIERS
shipcard_gozanti-cruiser.png;GOZANTICLASSCRUISER
shipcard_gozanti-cruiser.png;GOZANTICLASSCRUISERS
shipcard_gozanti-cruiser.png;GOZANTICRUISER
shipcard_gozanti-cruiser.png;GOZANTICRUISERS
shipcard_gr75-combat-retrofits.png;COMBATGR75
shipcard_gr75-combat-retrofits.png;GR75COMBATRETROFIT
shipcard_gr75-combat-retrofits.png;GR75COMBATRETROFITS
shipcard_gr75-medium-transports.png;GR75MEDIUMTRANSPORT
shipcard_gr75-medium-transports.png;GR75MEDIUMTRANSPORTS
shipcard_gr75-medium-transports.png;TRANSPORTGR75
shipcard_GSD-I.png;GLAD1
shipcard_GSD-I.png;GLAD2
shipcard_GSD-I.png;GLADI
shipcard_GSD-I.png;GLADIATOR1
shipcard_GSD-I.png;GLADIATOR2
shipcard_GSD-I.png;GLADIATORI
shipcard_GSD-I.png;GLADIATORICLASSSTARDESTROYER
shipcard_GSD-I.png;GLADIATORII
shipcard_GSD-I.png;GLADII
shipcard_GSD-I.png;GSD1
shipcard_GSD-I.png;GSD2
shipcard_GSD-I.png;GSDI
shipcard_GSD-I.png;GSDII
shipcard_GSD-II.png;GLADIATORIICLASSSTARDESTROYER
shipcard_hammerhead-scout-corvette.png;HAMMERHEADSCOUT
shipcard_hammerhead-scout-corvette.png;HAMMERHEADSCOUTCORVETTE
shipcard_hammerhead-scout-corvette.png;SCOUTHAMMERHEAD
shipcard_hammerhead-torpedo-corvette.png;HAMMERHEADTORPEDO
shipcard_hammerhead-torpedo-corvette.png;HAMMERHEADTORPEDOCORVETTE
shipcard_hammerhead-torpedo-corvette.png;TORPEDOHAMMERHEAD
shipcard_imperial-star-destroyer-cymoon-1-refit.png;CYMOON
shipcard_imperial-star-destroyer-cymoon-1-refit.png;CYMOON ISD
shipcard_imperial-star-destroyer-cymoon-1-refit.png;IMPERIALSTARDESTROYERCYMOON1REFIT
shipcard_imperial-star-destroyer-cymoon-1-refit.png;ISDC
shipcard_imperial-star-destroyer-kuat-refit.png;IMPERIALSTARDESTROYERKUATREFIT
shipcard_imperial-star-destroyer-kuat-refit.png;ISDK
shipcard_imperial-star-destroyer-kuat-refit.png;KUAT
shipcard_imperial-star-destroyer-kuat-refit.png;KUAT ISD
shipcard_interdictor-combat-refit.png;COMBATINTERDICTOR
shipcard_interdictor-combat-refit.png;INTERDICTORCOMBATREFIT
shipcard_interdictor-suppression-refit.png;INTERDICTORSUPPRESSIONREFIT
shipcard_interdictor-suppression-refit.png;SUPPRESSIONINTERDICTOR
shipcard_ISD-I.png;IMPERIALICLASSSTARDESTROYER
shipcard_ISD-I.png;ISD1
shipcard_ISD-I.png;ISDI
shipcard_ISD-II.png;IMPERIALIICLASSSTARDESTROYER
shipcard_ISD-II.png;ISD2
shipcard_ISD-II.png;ISDII
shipcard_MC30-scout.png;MC30CSCOUTFRIGATE
shipcard_MC30-scout.png;MC30S
shipcard_MC30-scout.png;MC30SCOUT
shipcard_MC30-scout.png;SCOUTMC30
shipcard_MC30-torpedo.png;MC30CTORPEDOFRIGATE
shipcard_MC30-torpedo.png;MC30T
shipcard_MC30-torpedo.png;MC30TORPEDO
shipcard_MC30-torpedo.png;TORPEDOMC30
shipcard_mc75-armored-cruiser.png;ARMOREDMC75
shipcard_mc75-armored-cruiser.png;MC75ARMORED
shipcard_mc75-armored-cruiser.png;MC75ARMOREDCRUISER
shipcard_mc75-ordnance-cruiser.png;MC75ORDNANCE
shipcard_mc75-ordnance-cruiser.png;MC75ORDNANCECRUISER
shipcard_mc75-ordnance-cruiser.png;ORDNANCEMC75
shipcard_MC80-assault.png;ASSAULTMC80
shipcard_MC80-assault.png;MC80A
shipcard_MC80-assault.png;MC80ASSAULT
shipcard_MC80-assault.png;MC80ASSAULTCRUISER
shipcard_mc80-battle-cruiser.png;BATTLECRUISERLIBERTY
shipcard_mc80-battle-cruiser.png;BATTLECRUISERMC80
shipcard_mc80-battle-cruiser.png;LIBERTYBATTLECRUISER
shipcard_mc80-battle-cruiser.png;LIBERTYBC
shipcard_mc80-battle-cruiser.png;MC80BATTLECRUISER
shipcard_mc80-battle-cruiser.png;MC80BC
shipcard_MC80-command.png;COMMANDMC80
shipcard_MC80-command.png;MC80C
shipcard_MC80-command.png;MC80COMMAND
shipcard_MC80-command.png;MC80COMMANDCRUISER
shipcard_mc80-star-cruiser.png;LIBERTYSC
shipcard_mc80-star-cruiser.png;LIBERTYSTARCRUISER
shipcard_mc80-star-cruiser.png;MC80SC
shipcard_mc80-star-cruiser.png;MC80STARCRUISER
shipcard_mc80-star-cruiser.png;STARCRUISERLIBERTY
shipcard_mc80-star-cruiser.png;STARCRUISERMC80
shipcard_modified-pelta-class-assault-ship.png;ASSAULTPELTA
shipcard_modified-pelta-class-assault-ship.png;MODIFIEDPELTACLASSASSAULTSHIP
shipcard_modified-pelta-class-assault-ship.png;PELTAASSAULT
shipcard_modified-pelta-class-command-ship.png;COMMANDPELTA
shipcard_modified-pelta-class-command-ship.png;MODIFIEDPELTACLASSCOMMANDSHIP
shipcard_modified-pelta-class-command-ship.png;PELTACOMMAND
shipcard_Neb-b-escort.png;ESCORTNEB
shipcard_Neb-b-escort.png;ESCORTNEBB
shipcard_Neb-b-escort.png;ESCORTNEBULON
shipcard_Neb-b-escort.png;ESCORTNEBULONB
shipcard_Neb-b-escort.png;NEBBESCORT
shipcard_Neb-b-escort.png;NEBESCORT
shipcard_Neb-b-escort.png;NEBULONBESCORT
shipcard_Neb-b-escort.png;NEBULONBESCORTFRIGATE
shipcard_Neb-b-escort.png;NEBULONESCORT
shipcard_Neb-b-support-.png;NEBBSUPPORT
shipcard_Neb-b-support-.png;NEBSUPPORT
shipcard_Neb-b-support-.png;NEBULONBSUPPORT
shipcard_Neb-b-support-.png;NEBULONBSUPPORTREFIT
shipcard_Neb-b-support-.png;NEBULONSUPPORT
shipcard_Neb-b-support-.png;SUPPORTNEB
shipcard_Neb-b-support-.png;SUPPORTNEBB
shipcard_Neb-b-support-.png;SUPPORTNEBULON
shipcard_Neb-b-support-.png;SUPPORTNEBULONB
shipcard_quasar-fire-i-class-cruiser-carrier.png;QF1
shipcard_quasar-fire-i-class-cruiser-carrier.png;QFI
shipcard_quasar-fire-i-class-cruiser-carrier.png;QUASARFIRE1
shipcard_quasar-fire-i-class-cruiser-carrier.png;QUASARFIRE1CLASSCRUISERCARRIER
shipcard_quasar-fire-i-class-cruiser-carrier.png;QUASARFIREI
shipcard_quasar-fire-i-class-cruiser-carrier.png;QUASARFIREICLASSCRUISERCARRIER
shipcard_quasar-fire-ii-class-cruiser-carrier.png;QF2
shipcard_quasar-fire-ii-class-cruiser-carrier.png;QFII
shipcard_quasar-fire-ii-class-cruiser-carrier.png;QUASARFIRE2
shipcard_quasar-fire-ii-class-cruiser-carrier.png;QUASARFIRE2CLASSCRUISERCARRIER
shipcard_quasar-fire-ii-class-cruiser-carrier.png;QUASARFIREII
shipcard_quasar-fire-ii-class-cruiser-carrier.png;QUASARFIREIICLASSCRUISERCARRIER
shipcard_Raider-I.png;RAIDER1
shipcard_Raider-I.png;RAIDER1CLASSCORVETTE
shipcard_Raider-I.png;RAIDERI
shipcard_Raider-I.png;RAIDERICLASSCORVETTE
shipcard_Raider-II.png;RAIDER2
shipcard_Raider-II.png;RAIDER2CLASSCORVETTE
shipcard_Raider-II.png;RAIDERII
shipcard_Raider-II.png;RAIDERIICLASSCORVETTE
shipcard_ssd-executor-i.png;EXECUTOR1
shipcard_ssd-executor-i.png;EXECUTOR1CLASSSTARDREADNOUGHT
shipcard_ssd-executor-i.png;EXECUTOR1SSD
shipcard_ssd-executor-i.png;EXECUTORI
shipcard_ssd-executor-i.png;EXECUTORICLASSSTARDREADNOUGHT
shipcard_ssd-executor-i.png;EXECUTORISSD
shipcard_ssd-executor-ii.png;EXECUTOR2
shipcard_ssd-executor-ii.png;EXECUTOR2CLASSSTARDREADNOUGHT
shipcard_ssd-executor-ii.png;EXECUTOR2SSD
shipcard_ssd-executor-ii.png;EXECUTORII
shipcard_ssd-executor-ii.png;EXECUTORIICLASSSTARDREADNOUGHT
shipcard_ssd-executor-ii.png;EXECUTORIISSD
shipcard_ssd-star-dreadnought-assault-prototype.png;ASSAULTPROTOTYPE
shipcard_ssd-star-dreadnought-assault-prototype.png;ASSAULTSSD
shipcard_ssd-star-dreadnought-assault-prototype.png;SSDASSAULTPROTOTYPE
shipcard_ssd-star-dreadnought-assault-prototype.png;STARDREADNOUGHTASSAULTPROTOTYPE
shipcard_ssd-star-dreadnought-command-prototype.png;COMMANDPROTOTYPE
shipcard_ssd-star-dreadnought-command-prototype.png;COMMANDSSD
shipcard_ssd-star-dreadnought-command-prototype.png;SSDCOMMANDPROTOTYPE
shipcard_ssd-star-dreadnought-command-prototype.png;STARDREADNOUGHTCOMMANDPROTOTYPE
shipcard_VSD-I.png;VIC1
shipcard_VSD-I.png;VICI
shipcard_VSD-I.png;VICTORY1
shipcard_VSD-I.png;VICTORY1CLASSSTARDESTROYER
shipcard_VSD-I.png;VICTORYI
shipcard_VSD-I.png;VICTORYICLASSSTARDESTROYER
shipcard_VSD-I.png;VSD1
shipcard_VSD-I.png;VSDI
shipcard_VSD-II.png;VIC2
shipcard_VSD-II.png;VICII
shipcard_VSD-II.png;VICTORY2
shipcard_VSD-II.png;VICTORY2CLASSSTARDESTROYER
shipcard_VSD-II.png;VICTORYII
shipcard_VSD-II.png;VICTORYIICLASSSTARDESTROYER
shipcard_VSD-II.png;VSD2
shipcard_VSD-II.png;VSDII
squadcard_aggressor.png;AGGRESSOR
squadcard_aggressor.png;AGGRESSORASSAULTFIGHTER
squadcard_a-wing.png;AWING
squadcard_a-wing.png;AWINGSQUADRON
squadcard_biggs-darklighter.png;BIGGS
squadcard_biggs-darklighter.png;BIGGSDARKLIGHTER
squadcard_biggs-darklighter.png;BIGGSDARKLIGHTERXWINGSQUADRON
squadcard_black-squadron.png;BLACK
squadcard_black-squadron.png;BLACKSQUADRON
squadcard_black-squadron.png;BLACKSQUADRONTIEFIGHTERSQUADRON
squadcard_boba-fett.png;BOBA
squadcard_boba-fett.png;BOBAFETT
squadcard_boba-fett.png;BOBAFETTSLAVEI
squadcard_bossk.png;BOSSK
squadcard_bossk.png;BOSSKHOUNDSTOOTH
squadcard_b-wing.png;BWING
squadcard_b-wing.png;BWINGSQUADRON
squadcard_captain-jonus.png;CAPTAINJONUS
squadcard_captain-jonus.png;CAPTAINJONUSTIEBOMBERSQUADRON
squadcard_captain-jonus.png;JONUS
squadcard_ciena-ree.png;CIENA
squadcard_ciena-ree.png;CIENAREE
squadcard_ciena-ree.png;CIENAREETIEINTERCEPTORSQUADRON
squadcard_colonel-jendon.png;COLONELJENDON
squadcard_colonel-jendon.png;COLONELJENDONLAMBDACLASSSHUTTLE
squadcard_colonel-jendon.png;JENDON
squadcard_corran-horn.png;CORRAN
squadcard_corran-horn.png;CORRANHORN
squadcard_corran-horn.png;CORRANHORNEWINGSQUADRON
squadcard_dagger-squadron.png;DAGGER
squadcard_dagger-squadron.png;DAGGERSQUADRON
squadcard_dagger-squadron.png;DAGGERSQUADRONBWINGSQUADRON
squadcard_darth-vader.png;DARTHVADERSQUADRON
squadcard_darth-vader.png;DARTHVADERTIEADVANCEDSQUADRON
squadcard_darth-vader.png;SQUADRONDARTHVADER
squadcard_darth-vader.png;SQUADRONVADER
squadcard_darth-vader.png;VADERSQUADRON
squadcard_dash-rendar.png;DASH
squadcard_dash-rendar.png;DASHRENDAR
squadcard_dash-rendar.png;DASHRENDAROUTRIDER
squadcard_dengar.png;DENGAR
squadcard_dengar.png;DENGARPUNISHINGONE
squadcard_dutch.png;DUTCH
squadcard_dutch.png;DUTCHVANDER
squadcard_dutch.png;DUTCHVANDERYWINGSQUADRON
squadcard_e-wing.png;EWING
squadcard_e-wing.png;EWINGSQUADRON
squadcard_firespray.png;FIRESPRAY
squadcard_firespray.png;FIRESPRAY31
squadcard_gamma-squadron.png;GAMMA
squadcard_gamma-squadron.png;GAMMASQUADRON
squadcard_gamma-squadron.png;GAMMASQUADRONTIEBOMBERSQUADRON
squadcard_gar-saxon.png;GAR
squadcard_gar-saxon.png;GARSAXON
squadcard_gar-saxon.png;GARSAXONGAUNTLETFIGHTER
squadcard_gar-saxon.png;GARSAXONMANDALORIANGAUNTLETFIGHTER
squadcard_gold-squadron.png;GOLD
squadcard_gold-squadron.png;GOLDSQUADRON
squadcard_gold-squadron.png;GOLDSQUADRONYWINGSQUADRON
squadcard_green-squadron.png;GREEN
squadcard_green-squadron.png;GREENSQUADRON
squadcard_green-squadron.png;GREENSQUADRONAWINGSQUADRON
squadcard_han-solo.png;HAN
squadcard_han-solo.png;HANSOLO
squadcard_han-solo.png;HANSOLOMILLENNIUMFALCON
squadcard_hera-ghost.png;GHOST
squadcard_hera-ghost.png;HERA
squadcard_hera-ghost.png;HERASYNDULLA
squadcard_hera-ghost.png;HERASYNDULLAGHOST
squadcard_hondo-ohnaka.png;HONDOOHNAKASQUADRON
squadcard_hondo-ohnaka.png;SQUADRONHONDOOHNAKA
squadcard_howlrunner.png;HOWLRUNNER
squadcard_howlrunner.png;HOWLRUNNERTIEFIGHTERSQUADRON
squadcard_hwk-290.png;HWK
squadcard_hwk-290.png;HWK290
squadcard_ig-88.png;IG88
squadcard_ig-88.png;IG88IG2000
squadcard_ig-88b.png;IG88B
squadcard_ig-88b.png;IG88BIG2000B
squadcard_jan-ors.png;JAN
squadcard_jan-ors.png;JANORS
squadcard_jan-ors.png;JANORSMOLDYCROW
squadcard_jan-ors.png;MOLDYCROW
squadcard_jumpmaster.png;JM5K
squadcard_jumpmaster.png;JUMPMASTER
squadcard_jumpmaster.png;JUMPMASTER5000
squadcard_jumpmaster.png;JUMPMASTER5K
squadcard_kanan-jarrus.png;KANANJARRUS
squadcard_ketsu-onyo.png;KETSU
squadcard_ketsu-onyo.png;KETSUONYO
squadcard_ketsu-onyo.png;KETSUONYOSHADOWCASTER
squadcard_keyan-farlander.png;KEYAN
squadcard_keyan-farlander.png;KEYANFARLANDER
squadcard_keyan-farlander.png;KEYANFARLANDERBWINGSQUADRON
squadcard_lambda.png;LAMBDA
squadcard_lambda.png;LAMBDACLASSSHUTTLE
squadcard_lancer.png;LANCER
squadcard_lancer.png;LANCERCLASSPURSUITCRAFT
squadcard_lando-calrissian.png;LANDOCALRISSIANMILLENNIUMFALCON
squadcard_lando-calrissian.png;LANDOCALRISSIANSQUADRON
squadcard_lando-calrissian.png;LANDOSQUADRON
squadcard_lando-calrissian.png;SQUADRONLANDO
squadcard_lando-calrissian.png;SQUADRONLANDOCALRISSIAN
squadcard_lt-blount.png;LIEUTENANTBLOUNT
squadcard_lt-blount.png;LIEUTENANTBLOUNTZ95HEADHUNTERSQUADRON
squadcard_luke-skywalker.png;LUKE
squadcard_luke-skywalker.png;LUKESKYWALKER
squadcard_luke-skywalker.png;LUKESKYWALKERXWINGSQUADRON
squadcard_maarek-stele.png;MAAREK
squadcard_maarek-stele.png;MAAREKSTEELE
squadcard_maarek-stele.png;MAAREKSTEELETIDEFENDERSQUADRON
squadcard_major-rhymer.png;MAJORRHYMER
squadcard_major-rhymer.png;MAJORRHYMERTIEBOMBERSQUADRON
squadcard_major-rhymer.png;RHYMER
squadcard_malee-hurra.png;MALEEHURRA
squadcard_mandalorian-gauntlet-fighter.png;GAUNTLET
squadcard_mandalorian-gauntlet-fighter.png;GAUNTLETFIGHTER
squadcard_mandalorian-gauntlet-fighter.png;MANDALORIANGAUNTLETFIGHTER
squadcard_mart-mattin.png;MARTMATTIN
squadcard_mauler-mithel.png;MAULER
squadcard_mauler-mithel.png;MAULERMITHEL
squadcard_mauler-mithel.png;MAULERMITHELTIEFIGHTERSQUADRON
squadcard_moralo-eval.png;MORALO
squadcard_moralo-eval.png;MORALOEVAL
squadcard_morna-kee.png;MORNA
squadcard_morna-kee.png;MORNAKEE
squadcard_morna-kee.png;MORNAKEEDECIMATOR
squadcard_morna-kee.png;MORNAKEEVT49DECIMATOR
squadcard_norra-wexley.png;NORRA
squadcard_norra-wexley.png;NORRAWEXLEY
squadcard_norra-wexley.png;NORRAWEXLEYYWINGSQUADRON
squadcard_nym.png;NYM
squadcard_nym.png;NYMHAVOC
squadcard_rogue-squadron.png;ROGUE
squadcard_rogue-squadron.png;ROGUESQUADRON
squadcard_rogue-squadron.png;ROGUESQUADRONXWINGSQUADRON
squadcard_saber-squadron.png;SABER
squadcard_saber-squadron.png;SABERSQUADRON
squadcard_saber-squadron.png;SABERSQUADRONTIEINTERCEPTORSQUADRON
squadcard_scurrg-h-6.png;H6
squadcard_scurrg-h-6.png;SCURRG
squadcard_scurrg-h-6.png;SCURRGH6
squadcard_scurrg-h-6.png;SCURRGH6BOMBER
squadcard_shara-bey.png;SHARA
squadcard_shara-bey.png;SHARABEY
squadcard_shara-bey.png;SHARABEYAWINGSQUADRON
squadcard_soontir-fel.png;SOONTIR
squadcard_soontir-fel.png;SOONTIRFEL
squadcard_soontir-fel.png;SOONTIRFELTIEINTERCEPTORSQUADRON
squadcard_tel-trevura.png;TEL
squadcard_tel-trevura.png;TELTREVURA
squadcard_tempest-squadron.png;TEMPEST
squadcard_tempest-squadron.png;TEMPESTSQUADRON
squadcard_tempest-squadron.png;TEMPESTSQUADRONTIEADVANCEDSQUADRON
squadcard_ten-numb.png;TEN
squadcard_ten-numb.png;TENNUMB
squadcard_ten-numb.png;TENNUMBBWINGSQUADRON
squadcard_tie-adv.png;TIEADVANCED
squadcard_tie-adv.png;TIEADVANCEDSQUADRON
squadcard_tie-bomber.png;TIEBOMBER
squadcard_tie-bomber.png;TIEBOMBERSQUADRON
squadcard_tie-defender.png;TIEDEFENDER
squadcard_tie-defender.png;TIEDEFENDERSQUADRON
squadcard_tie-ftr.png;TIEFIGHTER
squadcard_tie-ftr.png;TIEFIGHTERSQUADRON
squadcard_tie-int.png;SQUINT
squadcard_tie-int.png;TIEINTERCEPTOR
squadcard_tie-int.png;TIEINTERCEPTORSQUADRON
squadcard_tie-phantom.png;TIEPHANTOM
squadcard_tie-phantom.png;TIEPHANTOMSQUADRON
squadcard_tycho-celchu.png;TYCHO
squadcard_tycho-celchu.png;TYCHOCELCHU
squadcard_tycho-celchu.png;TYCHOCELCHUAWINGSQUADRON
squadcard_valen-rudor.png;VALEN
squadcard_valen-rudor.png;VALENRUDOR
squadcard_valen-rudor.png;VALENRUDORTIEFIGHTERSQUADRON
squadcard_vcx100.png;VCX
squadcard_vcx100.png;VCX100
squadcard_vcx100.png;VCX100FREIGHTER
squadcard_vt49-decimator.png;DECIMATOR
squadcard_vt49-decimator.png;VT49
squadcard_vt49-decimator.png;VT49DECIMATOR
squadcard_wedge-antilles.png;WEDGE
squadcard_wedge-antilles.png;WEDGEANTILLES
squadcard_wedge-antilles.png;WEDGEANTILLESXWINGSQUADRON
squadcard_whisper.png;WHISPER
squadcard_whisper.png;WHISPERTIEPHANTOMSQUADRON
squadcard_x-wing.png;XWING
squadcard_x-wing.png;XWINGSQUADRON
squadcard_yt-1300.png;YT1300
squadcard_yt-2400.png;YT2400
squadcard_yv-666.png;YV666
squadcard_y-wing.png;YWING
squadcard_y-wing.png;YWINGSQUADRON
squadcard_zetrik-strom.png;ZERTIK
squadcard_zetrik-strom.png;ZERTIKSTROM
squadcard_zetrik-strom.png;ZERTIKSTROMTIEADVANCEDSQUADRON
squadcard-z95.png;HEADHUNTER
squadcard-z95.png;Z95
squadcard-z95.png;Z95HEADHUNTER
squadcard-z95.png;Z95HEADHUNTERSQUADRON
squadcard-z95.png;Z95SQUADRON
stationcard_armed-station.png;ARMEDSTATIONSHIP
stationcard_unarmed-station.png;UNARMEDSTATION
stationcard_unarmed-station.png;UNARMEDSTATIONSHIP
w0_com_dodonna.png;DODONNA
w0_com_dodonna.png;GENERALDODONNA
w0_com_tarkin.png;GRANDMOFFTARKIN
w0_com_tarkin.png;TARKIN
w0_cpt_defense-liaison.png;DEFENSELIAISON
w0_cpt_leia-organa.png;LEIAORGANAOFFICER
w0_cpt_weapons-liaison.png;WEAPONSLIAISON
w0_cpt_wulff-yularen.png;WULFF
w0_cpt_wulff-yularen.png;WULFFYULAREN
w0_def_electronic-countermeasures.png;ECM
w0_def_electronic-countermeasures.png;ELECTRONICCOUNTERMEASURES
w0_ion_overload-pulse.png;OP
w0_ion_overload-pulse.png;OVERLOADPULSE
w0_off_expanded-hangar-bay.png;EHB
w0_off_expanded-hangar-bay.png;EXPANDEDHANGARBAY
w0_ord_assault-concussion-missiles.png;ACM
w0_ord_assault-concussion-missiles.png;ASSAULTCONCUSSIONMISSILES
w0_sup_engineering-team.png;ENGINEERINGTEAM
w0_sup_nav-team.png;NAVTEAM
w0_trl_enhanced-armament.png;ENHANCEDARMAMENT
w0_trl_h9-turbolasers.png;H9
w0_trl_h9-turbolasers.png;H9TURBOLASERS
w0_ttl_dodonnas-pride.png;DODONNASPRIDE
w0_ttl_dominator.png;DOMINATOR
w0_ttl_redemption.png;REDEMPTION
w0_wpn_gunnery-team.png;GUNNERYTEAM
w1_com_garm.png;GARM
w1_com_garm.png;GARMBELIBLIS
w1_com_mon-mothma.png;MONMOTHMA
w1_com_mon-mothma.png;MOTHMA
w1_com_motti.png;ADMIRALMOTTI
w1_com_motti.png;MOTTI
w1_com_screed.png;ADMIRALSCREED
w1_com_screed.png;SCREED
w1_cpt_adar-tallon.png;ADAR
w1_cpt_adar-tallon.png;ADARTALLON
w1_cpt_adar-tallon.png;TALLON
w1_cpt_admiral-chiraneau.png;ADMIRALCHIRANEAU
w1_cpt_admiral-chiraneau.png;CHIRANEAU
w1_cpt_admiral-chiraneau.png;CHIRPY
w1_cpt_director-isard.png;DIRECTORISARD
w1_cpt_director-isard.png;ISARD
w1_cpt_intel-officer.png;INTELOFFICER
w1_cpt_intel-officer.png;IO
w1_cpt_raymus-antilles.png;RAYMUS
w1_cpt_raymus-antilles.png;RAYMUSANTILLES
w1_cpt_veteran-captain.png;VETCAPTAIN
w1_cpt_veteran-captain.png;VETERANCAPTAIN
w1_def_advanced-projectors.png;ADVANCEDPROJECTORS
w1_ion_ion-cannon-batteries.png;IONCANNONBATTERIES
w1_ion_leading-shots.png;LEADINGSHOTS
w1_off_point-defense-reroute.png;POINTDEFENCEREROUTE
w1_off_point-defense-reroute.png;POINTDEFENSEREROUTE
w1_ord_expanded-launchers.png;EXPANDEDLAUNCHERS
w1_sup_engine-techs.png;ENGINETECHS
w1_sup_engine-techs.png;ET
w1_trl_xi7-turbolasers.png;XI7
w1_trl_xi7-turbolasers.png;XI7TURBOLASERS
w1_trl_xx9-turbolasers.png;XX9
w1_trl_xx9-turbolasers.png;XX9TURBOLASERS
w1_ttl_corrupter.png;CORRUPTER
w1_ttl_demolisher.png;DEMO
w1_ttl_demolisher.png;DEMOLISHER
w1_ttl_gallant-haven.png;GALLANTHAVEN
w1_ttl_gallant-haven.png;GH
w1_ttl_insidious.png;INSIDIOUS
w1_ttl_jainas-light.png;JAINAS
w1_ttl_jainas-light.png;JAINASLIGHT
w1_ttl_jainas-light.png;JL
w1_ttl_paragon.png;PARAGON
w1_ttl_salvation.png;SALV
w1_ttl_salvation.png;SALVATION
w1_ttl_tantive-iv.png;TANTIVE
w1_ttl_tantive-iv.png;TANTIVEIV
w1_ttl_warlord.png;WARLORD
w1_ttl_yavaris.png;YAVARIS
w1_wpn_flight-controllers.png;FLIGHTCONTROLLERS
w1_wpn_sensor-team.png;SENSORTEAM
w2_com_ackbar.png;ACKBAR
w2_com_ackbar.png;ADMIRALACKBAR
w2_com_ozzel.png;ADMIRALOZZELCOMMANDER
w2_com_ozzel.png;COMMANDERADMIRALOZZEL
w2_com_ozzel.png;COMMANDEROZZEL
w2_com_ozzel.png;OZZELCOMMANDER
w2_com_rieekan.png;GENERALRIEEKAN
w2_com_rieekan.png;RIEEKAN
w2_com_vader.png;ADMIRALDARTHVADER
w2_com_vader.png;ADMIRALVADER
w2_com_vader.png;DARTHVADERADMIRAL
w2_com_vader.png;VADERADMIRAL
w2_cpt_admiral-montferrat.png;ADMIRALMONTFERRAT
w2_cpt_admiral-montferrat.png;MONTFERRAT
w2_cpt_engineering_captain.png;ENGINEERINGCAPTAIN
w2_cpt_lando-calrissian.png;LANDOCALRISSIANOFFICER
w2_cpt_lando-calrissian.png;LANDOOFFICER
w2_cpt_lando-calrissian.png;OFFICERLANDO
w2_cpt_lando-calrissian.png;OFFICERLANDOCALRISSIAN
w2_cpt_navigation-officer.png;NAVIGATIONOFFICER
w2_cpt_needa.png;CAPTAINNEEDA
w2_cpt_needa.png;NEEDA
w2_cpt_support_officer.png;SUPPORTOFFICER
w2_cpt_tactical_expert.png;TACTICALEXPERT
w2_cpt_walex-blissex.png;WALEX
w2_cpt_walex-blissex.png;WALEXBLISSEX
w2_cpt_wing_commander.png;WINGCOMMANDER
w2_def_cluster-bombs.png;CLUSTERBOMBS
w2_def_cluster-bombs.png;TRASH
w2_def_redundant-shields.png;REDUNDANTSHIELDS
w2_ion_nk-7.png;NK7
w2_ion_nk-7.png;NK7IONCANNONS
w2_ion_sw-7.png;SW7
w2_ion_sw-7.png;SW7IONBATTERIES
w2_off_boosted_comms.png;BOOSTEDCOMM
w2_off_boosted_comms.png;BOOSTEDCOMMS
w2_off_phylon-q7.png;PHYLON
w2_off_phylon-q7.png;PHYLONQ7
w2_off_phylon-q7.png;PHYLONQ7TRACTORBEAMS
w2_off_phylon-q7.png;Q7
w2_off_phylon-q7.png;Q7TRACTORBEAMS
w2_off_quad-laser-turrets.png;QLT
w2_off_quad-laser-turrets.png;QUADLASERTURRETS
w2_ord_assault-proton-torpedoes.png;APT
w2_ord_assault-proton-torpedoes.png;ASSAULTPROTONTORPEDOES
w2_ord_rapidreload.png;RAPIDRELOAD
w2_sup_projection_experts.png;PROJECTIONEXPERTS
w2_sup_projection_experts.png;PROJEX
w2_sup_projection_experts.png;PROJEXPERTS
w2_trl_heavy-turbolaser-turrets.png;HEAVYTURBOLASERTURRETS
w2_trl_heavy-turbolaser-turrets.png;HTT
w2_trl_slaved_turrets.png;SLAVEDTURRETS
w2_trl_turbolaser-reroute-circuits.png;TRC
w2_trl_turbolaser-reroute-circuits.png;TURBOLASERREROUTECIRCUITS
w2_ttl_admonition.png;ADMO
w2_ttl_admonition.png;ADMONITION
w2_ttl_avenger.png;AVENGER
w2_ttl_defiance.png;DEFIANCE
w2_ttl_devastator.png;DEVASTATOR
w2_ttl_foresight.png;FORESIGHT
w2_ttl_home-one.png;HOMEONE
w2_ttl_impetuous.png;IMPETUOUS
w2_ttl_independence.png;INDEPENDENCE
w2_ttl_instigator.png;INSTIGATOR
w2_ttl_relentless.png;RELENTLESS
w2_wpn_ordnance-experts.png;OE
w2_wpn_ordnance-experts.png;ORDNANCEEXPERTS
w2_wpn_ruthless-strategists.png;RS
w2_wpn_ruthless-strategists.png;RUTHLESSSTRATEGISTS
w3_com_cracken.png;CRACKEN
w3_com_cracken.png;GENERALCRACKEN
w3_com_tagge.png;GENERALTAGGE
w3_com_tagge.png;TAGGE
w3_cpt_agent-kallus.png;AGENTKALLUS
w3_cpt_agent-kallus.png;KALLUS
w3_cpt_toryn-farr.png;TORYN
w3_cpt_toryn-farr.png;TORYNFARR
w3_fls_bomber-command-center.png;BCC
w3_fls_bomber-command-center.png;BOMBERCOMMANDCENTER
w3_fls_comms-net.png;COMMNET
w3_fls_comms-net.png;COMMSNET
w3_fls_jamming-field.png;JAMMINGFIELD
w3_fls_jamming-field.png;JF
w3_fls_repair-crews.png;REPAIRCREWS
w3_fls_slicer-tools.png;SLICERS
w3_fls_slicer-tools.png;SLICERTOOLS
w3_ttl_bright-hope.png;BRIGHTHOPE
w3_ttl_gozanti-suppressor.png;SUPPRESSOR
w3_ttl_gozanti-vector.png;VECTOR
w3_ttl_quantum-storm.png;QS
w3_ttl_quantum-storm.png;QUANTUMSTORM
w4_com_admiral-konstantine.png;ADMIRALKONSTANTINE
w4_com_admiral-konstantine.png;KONSTANTINE
w4_com_general_madine.png;GENERALMADINE
w4_com_general_madine.png;MADINE
w4_cpt_admiral-titus.png;ADMIRALTITUS
w4_cpt_admiral-titus.png;TITUS
w4_cpt_chart-officer.png;CHARTOFFICER
w4_cpt_commandant-aresko.png;ARESKO
w4_cpt_commandant-aresko.png;COMMANDANTARESKO
w4_cpt_flight-commander.png;FLIGHTCOMMANDER
w4_cpt_skilled-first-officer.png;SFO
w4_cpt_skilled-first-officer.png;SKILLEDFIRSTOFFICER
w4_cpt_skilled-first-officer.png;SHOUTINGHATMAN
w4_cpt_skilled-first-officer.png;YELLINGHATMAN
w4_grv_g7_x_grav_well_projector.png;G7X
w4_grv_g7_x_grav_well_projector.png;G7XGRAVWELLPROJECTOR
w4_grv_g-8_experimental_projector.png;G8
w4_grv_g-8_experimental_projector.png;G8EXPERIMENTALPROJECTOR
w4_grv_grav-shift-reroute.png;GRAVSHIFTREROUTE
w4_grv_grav-shift-reroute.png;GSR
w4_grv_targeting-scrambler.png;TARGETINGSCRAMBLER
w4_grv_targeting-scrambler.png;TS
w4_ion_high-capacity-ion-turbines.png;HCIT
w4_ion_high-capacity-ion-turbines.png;HIGHCAPACITYIONTURBINES
w4_ion_ms-1-ion-cannons.png;MS1
w4_ion_ms-1-ion-cannons.png;MS1IONCANNONS
w4_sup_fighter-coordination-team.png;FIGHTERCOORDINATIONTEAM
w4_sup_medical-team.png;MEDICALTEAM
w4_trl_quad-turbolaser-cannons.png;QTC
w4_trl_quad-turbolaser-cannons.png;QUADTURBOLASERCANNONS
w4_trl_spinal-armament.png;SPINAL
w4_trl_spinal-armament.png;SPINALARMAMENT
w4_ttl_endeavor.png;ENDEAVOR
w4_ttl_interdictor.png;INTERDICTOR
w4_ttl_liberty.png;LIBERTY
w4_ttl_mon-karren.png;MONKARREN
w4_wpn_fire-control-team.png;FIRECONTROLTEAM
w4_wpn_veterangunners.png;VETERANGUNNERS
w5_com_commander-sato.png;COMMANDERSATO
w5_com_commander-sato.png;SATO
w5_com_jerjerrod.png;JERJERROD
w5_com_jerjerrod.png;JERRY
w5_com_jerjerrod.png;MOFFJERJERROD
w5_cpt_ahsoka-tano.png;AHSOKA
w5_cpt_ahsoka-tano.png;AHSOKATANO
w5_cpt_damage-control-officer.png;DAMAGECONTROLOFFICER
w5_cpt_damage-control-officer.png;DCO
w5_cpt_major-derlin.png;DERLIN
w5_cpt_major-derlin.png;MAJORDERLIN
w5_cpt_minister-tua.png;MINISTERTUA
w5_cpt_minister-tua.png;TUA
w5_def_reinforced-blast-doors.png;RBD
w5_def_reinforced-blast-doors.png;REINFORCEDBLASTDOORS
w5_flc_all-fighters-follow-me.png;AFFM
w5_flc_all-fighters-follow-me.png;ALLFIGHTERSFOLLOWME
w5_flc_entrapment-formation.png;EF
w5_flc_entrapment-formation.png;ENTRAPMENTFORMATION
w5_flc_shields-to-maximum.png;SHIELDSTOMAXIMUM
w5_flc_shields-to-maximum.png;STM
w5_off_rapid-launch-bays.png;RAPIDLAUNCHBAYS
w5_off_rapid-launch-bays.png;RLB
w5_ord_flechette-trops.png;FLECHETTES
w5_ord_flechette-trops.png;FLECHETTETORPEDOES
w5_trl_dual-turbolaser-turrets.png;DTT
w5_trl_dual-turbolaser-turrets.png;DUALTURBOLASERTURRETS
w5_ttl_centicore.png;CENTICORE
w5_ttl_hand-of-justice.png;HANDOFJUSTICE
w5_ttl_phoenix-home.png;PHOENIXHOME
w6_com_admiral-sloane.png;ADMIRALSLOANE
w6_com_admiral-sloane.png;SLOANE
w6_com_leia-organa.png;COMMANDERLEIA
w6_com_leia-organa.png;COMMANDERLEIAORGANA
w6_com_leia-organa.png;LEIACOMMANDER
w6_com_leia-organa.png;LEIAORGANACOMMANDER
w6_cpt_hondo-ohnaka.png;HONDO
w6_cpt_hondo-ohnaka.png;HONDOOHNAKA
w6_cpt_the-grand-inquisitor.png;GRANDINQUISITOR
w6_cpt_the-grand-inquisitor.png;THEGRANDINQUISITOR
w6_ion_disposable-capacitors.png;DC
w6_ion_disposable-capacitors.png;DISPOSABLECAPACITORS
w6_ion_disposable-capacitors.png;DCAPS
w6_ord_external-racks.png;EXRAX
w6_ord_external-racks.png;EXTERNALRACKS
w6_ord_external-racks.png;RACKS
w6_trl_quad-battery-turrets.png;QBT
w6_trl_quad-battery-turrets.png;QUADBATTERYTURRETS
w6_ttl_garels-honor.png;GARELS
w6_ttl_garels-honor.png;GARELSHONOR
w6_ttl_pursuant.png;PURSUANT
w6_ttl_squall.png;SQUALL
w6_ttl_stronghold.png;STRONGHOLD
w6_ttl_task-force-antilles.png;TASKFORCEANTILLES
w6_ttl_task-force-antilles.png;TFA
w6_ttl_task-force-organa.png;TASKFORCEORGANA
w6_ttl_task-force-organa.png;TFO
w6_wpn_off_boarding-engineers.png;BOARDINGENGINEERS
w6_wpn_off_boarding-troopers.png;BOARDINGTROOPERS
w6_wpn_off_cham-syndulla.png;CHAM
w6_wpn_off_cham-syndulla.png;CHAMSYNDULLA
w7_bt_vader.png;BOARDINGTEAMDARTHVADER
w7_bt_vader.png;DARTHVADERBOARDINGTEAM
w7_bt_vader.png;DARTHVADERHALLMONITOR
w7_bt_vader.png;HALLMONITORDARTHVADER
w7_bt_vader.png;HALLMONITORVADER
w7_bt_vader.png;VADERHALLMONITOR
w7_com_admiral-raddus.png;ADMIRALRADDUS
w7_com_admiral-raddus.png;RADDUS
w7_com_grand-admiral-thrawn.png;GRANDADMIRALTHRAWN
w7_com_grand-admiral-thrawn.png;THRAWN
w7_cpt_bail-organa.png;BAIL
w7_cpt_bail-organa.png;BAILORGANA
w7_cpt_captain-brunson.png;BRUNSON
w7_cpt_captain-brunson.png;CAPTAINBRUNSON
w7_cpt_general-draven.png;DRAVEN
w7_cpt_general-draven.png;GENERALDRAVEN
w7_cpt_governor-pryce.png;GOVERNORPRYCE
w7_cpt_governor-pryce.png;PRYCE
w7_cpt_instructor-goran.png;GORAN
w7_cpt_instructor-goran.png;INSTRUCTORGORAN
w7_cpt_strategic-adviser.png;SAD
w7_cpt_strategic-adviser.png;STRATEGICADVISOR
w7_cpt_taskmaster-grint.png;GRINT
w7_cpt_taskmaster-grint.png;TASKMASTERGRINT
w7_def_early-warning-system.png;EARLYWARNINGSYSTEM
w7_def_early-warning-system.png;EWS
w7_flc_intensify-firepower.png;IF
w7_flc_intensify-firepower.png;INTENSIFYFIREPOWER
w7_ion_heavy-ion-emplacements.png;HEAVYIONEMPLACEMENTS
w7_ion_heavy-ion-emplacements.png;HEAVYIONS
w7_ion_heavy-ion-emplacements.png;HIE
w7_off_hardened-bulkheads.png;HARDENEDBULKHEADS
w7_ord_ordnance-pods.png;ORDNANCEPODS
w7_ord_ordnance-pods.png;ORDPORGS
w7_ord_wide-area-barrage.png;WAB
w7_ord_wide-area-barrage.png;WIDEAREABARRAGE
w7_ttl_aspiration.png;ASPIRATION
w7_ttl_chimaera.png;CHIMAERA
w7_ttl_mon-calamari-exodus-fleet.png;MCEF
w7_ttl_mon-calamari-exodus-fleet.png;MONCALAMARIEXODUSFLEET
w7_ttl_mon-calamari-exodus-fleet.png;MONCALEXODUSFLEET
w7_ttl_profundity.png;PROFUNDITY
w7_ttl_seventh-fleet-star-destoryer.png;SEVENTHFLEETSTARDESTROYER
w7_ttl_seventh-fleet-star-destoryer.png;SFS
w7_ttl_seventh-fleet-star-destoryer.png;SFSD
w7_ttl_sovereign.png;SOVEREIGN
w7_wpn_caitken-and-shollan.png;CAITKENANDSHOLLAN
w7_wpn_caitken-and-shollan.png;CALVINANDHOBBES
w7_wpn_caitken-and-shollan.png;TWINS
w7_wpn_off_jyn-erso.png;JYN
w7_wpn_off_jyn-erso.png;JYNERSO
wssd_com_admiral-piett.png;ADMIRALPIETT
wssd_com_admiral-piett.png;PIETT
wssd_com_emperor-palpatine.png;COMMANDEREMPEROR
wssd_com_emperor-palpatine.png;COMMANDEREMPERORPALPATINE
wssd_com_emperor-palpatine.png;COMMANDERPALPATINE
wssd_com_emperor-palpatine.png;EMPERORCOMMANDER
wssd_com_emperor-palpatine.png;EMPERORPALPATINECOMMANDER
wssd_com_emperor-palpatine.png;PALPATINECOMMANDER
wssd_cpt_admiral-ozzel.png;ADMIRALOZZELOFFICER
wssd_cpt_admiral-ozzel.png;OFFICERADMIRALOZZEL
wssd_cpt_admiral-ozzel.png;OFFICEROZZEL
wssd_cpt_admiral-ozzel.png;OZZELOFFICER
wssd_cpt_commander-gherant.png;COMMANDERGHERANT
wssd_cpt_commander-gherant.png;GHERANT
wssd_cpt_darth-vader.png;DARTHVADEROFFICER
wssd_cpt_darth-vader.png;OFFICERDARTHVADER
wssd_cpt_darth-vader.png;OFFICERVADER
wssd_cpt_darth-vader.png;VADEROFFICER
wssd_cpt_director-krennic.png;DIRECTORKRENNIC
wssd_cpt_director-krennic.png;KRENNIC
wssd_cpt_emperor-palpatine.png;EMPEROROFFICER
wssd_cpt_emperor-palpatine.png;EMPERORPALPATINEOFFICER
wssd_cpt_emperor-palpatine.png;OFFICEREMPEROR
wssd_cpt_emperor-palpatine.png;OFFICEREMPERORPALPATINE
wssd_cpt_emperor-palpatine.png;OFFICERPALPATINE
wssd_cpt_emperor-palpatine.png;PALPATINEOFFICER
wssd_cpt_lira-wessex.png;LIRA
wssd_cpt_lira-wessex.png;LIRAWESSEX
wssd_ttl_annihilator.png;ANNIHILATOR
wssd_ttl_eclipse.png;ECLIPSE
wssd_ttl_executor.png;EXECUTOR
wssd_ttl_ravager.png;RAVAGER
w8_ttl_rakehell.png;RAKEHELL
w8_com_generalromodi.png;GENERALROMODI
w8_com_generalromodi.png;ROMODI
w8_com_kyrstaagate.png;KYRSTAADMIRAL
w8_com_kyrstaagate.png;KYRSTA
w8_com_kyrstaagate.png;KYRSTAAGATEADMIRAL
w8_com_kyrstaagate.png;ADMIRALKYRSTA
w8_com_kyrstaagate.png;ADMIRALKYRSTAAGATE
w8_com_kyrstaagate.png;COMMANDERKYRSTA
w8_com_kyrstaagate.png;COMMANDERKYRSTAAGATE
w8_com_kyrstaagate.png;KYRSTACOMMANDER
w8_com_kyrstaagate.png;KYRSTAAGATECOMMANDER
w8_cpt_wedgeantilles.png;WEDGEOFFICER
w8_cpt_wedgeantilles.png;OFFICERWEDGE
w8_cpt_wedgeantilles.png;WEDGEANTILLESOFFICER
w8_cpt_wedgeantilles.png;OFFICERWEDGEANTILLES
w8_wpn_gunnery-chief-varnillian.png;SABRINA
w8_wpn_gunnery-chief-varnillian.png;GUNNERYCHIEF
w8_wpn_gunnery-chief-varnillian.png;GUNNERYCHIEFVARNILLIAN
w8_wpn_gunnery-chief-varnillian.png;VARNILLIAN
w8_wpn_gunnery-chief-varnillian.png;VARN
w8_wpn_gunnery-chief-varnillian.png;GCV
shipcard_onager-class-testbed.png;ONAGERCLASSTESTBED
shipcard_onager-class-testbed.png;TESTBED
shipcard_onager-class-testbed.png;TESTBEDONAGER
shipcard_onager-class-testbed.png;ONAGERTESTBED
shipcard_onager-class-star-destroyer.png;ONAGERCLASSSTARDESTROYER
shipcard_onager-class-star-destroyer.png;ONAGERSTARDESTROYER
shipcard_onager-class-star-destroyer.png;STARDESTROYERONAGER
shipcard_onager-class-star-destroyer.png;ONAGERSD
shipcard_starhawk-class-battleship-mark-i.png;STARHAWKCLASSBATTLESHIPMARKI
shipcard_starhawk-class-battleship-mark-i.png;STARHAWKCLASSBATTLESHIPMARK1
shipcard_starhawk-class-battleship-mark-i.png;STARHAWKCLASSBATTLESHIPMKI
shipcard_starhawk-class-battleship-mark-i.png;STARHAWKCLASSBATTLESHIPMK1
shipcard_starhawk-class-battleship-mark-i.png;STARHAWKBATTLESHIPMARKI
shipcard_starhawk-class-battleship-mark-i.png;STARHAWKBATTLESHIPMARK1
shipcard_starhawk-class-battleship-mark-i.png;STARHAWKBATTLESHIPMKI
shipcard_starhawk-class-battleship-mark-i.png;STARHAWKBATTLESHIPMK1
shipcard_starhawk-class-battleship-mark-i.png;STARHAWKMARKI
shipcard_starhawk-class-battleship-mark-i.png;STARHAWKMARK1
shipcard_starhawk-class-battleship-mark-i.png;STARHAWKMKI
shipcard_starhawk-class-battleship-mark-i.png;STARHAWKMK1
shipcard_starhawk-class-battleship-mark-i.png;STARHAWKI
shipcard_starhawk-class-battleship-mark-i.png;STARHAWK1
shipcard_starhawk-class-battleship-mark-ii.png;STARHAWKCLASSBATTLESHIPMARKII
shipcard_starhawk-class-battleship-mark-ii.png;STARHAWKCLASSBATTLESHIPMARK2
shipcard_starhawk-class-battleship-mark-ii.png;STARHAWKCLASSBATTLESHIPMKII
shipcard_starhawk-class-battleship-mark-ii.png;STARHAWKCLASSBATTLESHIPMK2
shipcard_starhawk-class-battleship-mark-ii.png;STARHAWKBATTLESHIPMARKII
shipcard_starhawk-class-battleship-mark-ii.png;STARHAWKBATTLESHIPMARK2
shipcard_starhawk-class-battleship-mark-ii.png;STARHAWKBATTLESHIPMKII
shipcard_starhawk-class-battleship-mark-ii.png;STARHAWKBATTLESHIPMK2
shipcard_starhawk-class-battleship-mark-ii.png;STARHAWKMARKII
shipcard_starhawk-class-battleship-mark-ii.png;STARHAWKMARK2
shipcard_starhawk-class-battleship-mark-ii.png;STARHAWKMKII
shipcard_starhawk-class-battleship-mark-ii.png;STARHAWKMK2
shipcard_starhawk-class-battleship-mark-ii.png;STARHAWKII
shipcard_starhawk-class-battleship-mark-ii.png;STARHAWK2
geeksrevenge.png;GEEKSREVENGE